github.com/bougou/go-ipmi,https://github.com/bougou/go-ipmi/blob/v0.8.3/LICENSE,Apache-2.0
github.com/cyphar/filepath-securejoin,https://github.com/cyphar/filepath-securejoin/blob/v0.2.5/LICENSE,BSD-3-Clause
github.com/dustin/go-humanize,https://github.com/dustin/go-humanize/blob/v1.0.1/LICENSE,MIT
github.com/fatih/color,https://github.com/fatih/color/blob/v1.15.0/LICENSE.md,MIT
github.com/fsnotify/fsnotify,https://github.com/fsnotify/fsnotify/blob/v1.9.0/LICENSE,BSD-3-Clause
github.com/getlantern/context,https://github.com/getlantern/context/blob/c447772a6520/LICENSE,Apache-2.0
github.com/getlantern/errors,https://github.com/getlantern/errors/blob/abdb3e3e36f7/LICENSE,Apache-2.0
github.com/getlantern/golog,https://github.com/getlantern/golog/blob/4ef2e798c2d7/LICENSE,Apache-2.0
github.com/getlantern/hex,https://github.com/getlantern/hex/blob/c6586a6fe0b7/LICENSE,BSD-3-Clause
github.com/getlantern/hidden,https://github.com/getlantern/hidden/blob/f02dbb02be55/LICENSE,Apache-2.0
github.com/getlantern/ops,https://github.com/getlantern/ops/blob/d70cb0d6f85f/LICENSE,Apache-2.0
github.com/getlantern/systray,https://github.com/getlantern/systray/blob/v1.2.2/LICENSE,Apache-2.0
github.com/glebarez/go-sqlite,https://github.com/glebarez/go-sqlite/blob/v1.21.2/LICENSE,BSD-3-Clause
github.com/glebarez/sqlite,https://github.com/glebarez/sqlite/blob/v1.11.0/License,MIT
github.com/go-chi/chi/v5,https://github.com/go-chi/chi/blob/v5.3.0/LICENSE,MIT
github.com/go-git/go-billy/v5,https://github.com/go-git/go-billy/blob/v5.6.0/LICENSE,Apache-2.0
github.com/go-stack/stack,https://github.com/go-stack/stack/blob/v1.8.0/LICENSE.md,MIT
github.com/go-viper/mapstructure/v2,https://github.com/go-viper/mapstructure/blob/v2.4.0/LICENSE,MIT
github.com/google/uuid,https://github.com/google/uuid/blob/v1.6.0/LICENSE,BSD-3-Clause
github.com/hashicorp/golang-lru/v2,https://github.com/hashicorp/golang-lru/blob/v2.0.7/LICENSE,MPL-2.0
github.com/hashicorp/golang-lru/v2/simplelru,https://github.com/hashicorp/golang-lru/blob/v2.0.7/simplelru\LICENSE_list,BSD-3-Clause
github.com/inconshreveable/mousetrap,https://github.com/inconshreveable/mousetrap/blob/v1.1.0/LICENSE,Apache-2.0
github.com/insomniacslk/dhcp,https://github.com/insomniacslk/dhcp/blob/a415979eb11e/LICENSE,BSD-3-Clause
github.com/jinzhu/inflection,https://github.com/jinzhu/inflection/blob/v1.0.0/LICENSE,MIT
github.com/jinzhu/now,https://github.com/jinzhu/now/blob/v1.1.5/License,MIT
github.com/josharian/native,https://github.com/josharian/native/blob/v1.1.0/license,MIT
github.com/kr/pretty,https://github.com/kr/pretty/blob/v0.3.1/License,MIT
github.com/kr/text,https://github.com/kr/text/blob/v0.2.0/License,MIT
github.com/mattn/go-colorable,https://github.com/mattn/go-colorable/blob/v0.1.13/LICENSE,MIT
github.com/mattn/go-isatty,https://github.com/mattn/go-isatty/blob/v0.0.19/LICENSE,MIT
github.com/mattn/go-runewidth,https://github.com/mattn/go-runewidth/blob/v0.0.16/LICENSE,MIT
github.com/miekg/dns,https://github.com/miekg/dns/blob/v1.1.72/LICENSE,BSD-3-Clause
github.com/olekukonko/errors,https://github.com/olekukonko/errors/blob/v1.1.0/LICENSE,MIT
github.com/olekukonko/ll,https://github.com/olekukonko/ll/blob/v0.0.9/LICENSE,MIT
github.com/olekukonko/tablewriter,https://github.com/olekukonko/tablewriter/blob/v1.0.9/LICENSE.md,MIT
github.com/oxtoacart/bpool,https://github.com/oxtoacart/bpool/blob/03653db5a59c/LICENSE,Apache-2.0
github.com/pelletier/go-toml/v2,https://github.com/pelletier/go-toml/blob/v2.2.4/LICENSE,MIT
github.com/pierrec/lz4/v4,https://github.com/pierrec/lz4/blob/v4.1.14/LICENSE,BSD-3-Clause
github.com/pin/tftp/v3,https://github.com/pin/tftp/blob/v3.2.0/LICENSE,MIT
github.com/pxelab/pxelab,https://github.com/pxelab/pxelab/blob/HEAD/LICENSE,AGPL-3.0
github.com/rasky/go-xdr/xdr2,https://github.com/rasky/go-xdr/blob/1a41d1a06c93/LICENSE,ISC
github.com/remyoudompheng/bigfft,https://github.com/remyoudompheng/bigfft/blob/24d4a6f8daec/LICENSE,BSD-3-Clause
github.com/rivo/uniseg,https://github.com/rivo/uniseg/blob/v0.2.0/LICENSE.txt,MIT
github.com/rogpeppe/go-internal/fmtsort,https://github.com/rogpeppe/go-internal/blob/v1.11.0/LICENSE,BSD-3-Clause
github.com/sagikazarmark/locafero,https://github.com/sagikazarmark/locafero/blob/v0.11.0/LICENSE,MIT
github.com/sourcegraph/conc,https://github.com/sourcegraph/conc/blob/5f936abd7ae8/LICENSE,MIT
github.com/spf13/afero,https://github.com/spf13/afero/blob/v1.15.0/LICENSE.txt,Apache-2.0
github.com/spf13/cast,https://github.com/spf13/cast/blob/v1.10.0/LICENSE,MIT
github.com/spf13/cobra,https://github.com/spf13/cobra/blob/v1.10.2/LICENSE.txt,Apache-2.0
github.com/spf13/pflag,https://github.com/spf13/pflag/blob/v1.0.10/LICENSE,BSD-3-Clause
github.com/spf13/viper,https://github.com/spf13/viper/blob/v1.21.0/LICENSE,MIT
github.com/subosito/gotenv,https://github.com/subosito/gotenv/blob/v1.6.0/LICENSE,MIT
github.com/u-root/uio,https://github.com/u-root/uio/blob/ffce2a382923/LICENSE,BSD-3-Clause
github.com/willscott/go-nfs,https://github.com/willscott/go-nfs/blob/v0.0.4/LICENSE,Apache-2.0
github.com/willscott/go-nfs-client/nfs,https://github.com/willscott/go-nfs-client/blob/801f10d98886/LICENSE_BSD-2.txt,BSD-2-Clause
go.yaml.in/yaml/v3,https://github.com/yaml/go-yaml/blob/v3.0.4/LICENSE,MIT
golang.org/x/net,https://cs.opensource.google/go/x/net/+/refs/tags/v0.54.0:LICENSE,BSD-3-Clause
golang.org/x/sync/errgroup,https://cs.opensource.google/go/x/sync/+/refs/tags/v0.21.0:LICENSE,BSD-3-Clause
golang.org/x/sys/windows,https://cs.opensource.google/go/x/sys/+/refs/tags/v0.46.0:LICENSE,BSD-3-Clause
golang.org/x/term,https://cs.opensource.google/go/x/term/+/refs/tags/v0.43.0:LICENSE,BSD-3-Clause
golang.org/x/text,https://cs.opensource.google/go/x/text/+/refs/tags/v0.38.0:LICENSE,BSD-3-Clause
gopkg.in/yaml.v3,https://github.com/go-yaml/yaml/blob/v3.0.1/LICENSE,MIT
gorm.io/gorm,https://github.com/go-gorm/gorm/blob/v1.31.1/LICENSE,MIT
modernc.org/libc,https://pkg.go.dev/modernc.org/libc@v1.22.5?tab=licenses,BSD-3-Clause
modernc.org/mathutil,https://pkg.go.dev/modernc.org/mathutil@v1.5.0?tab=licenses,BSD-3-Clause
modernc.org/memory,https://pkg.go.dev/modernc.org/memory@v1.5.0?tab=licenses,BSD-3-Clause
modernc.org/sqlite/lib,https://pkg.go.dev/modernc.org/sqlite@v1.23.1?tab=licenses,BSD-3-Clause
